LC,product,sr_level,temp,category,sub_category,off_on_ratio
0,0,7.919102762541582,hot,3,10,0.974062820158166
1,0,3.7646172424206648,hot,3,10,0.8473828805251916
2,0,4.647912670423657,hot,3,10,0.9097295490319126
3,0,6.001040167608468,hot,3,10,0.8644069179245255
4,0,4.49487118123447,hot,3,10,1.0506318051366863
5,0,5.018669677701173,hot,3,10,0.9437449047121577
6,0,4.018230910723544,hot,3,10,0.7781008833632423
8,0,2.522334930569417,hot,3,10,0.7236281463923631
9,0,4.4517348043620455,hot,3,10,0.8949460840961163
10,0,1.9708044671756726,hot,3,10,0.7913670870973272
11,0,5.302938846946428,hot,3,10,1.0008207817232866
12,0,9.134231845488994,hot,3,10,0.9096255521251709
13,0,2.6001538943182907,hot,3,10,0.9124223629251337
14,0,4.5487324492097,hot,3,10,0.9121026527343858
15,0,5.66898501139772,hot,3,10,0.6564167996127837
16,0,3.6674768309634413,hot,3,10,1.0442166698800366
0,1,81.54202470770186,cold,1,8,1.358139336074748
1,1,99.71654470882196,cold,1,8,1.269787791460089
2,1,74.99214589046498,cold,1,8,1.2449714997441856
3,1,95.84862526243889,cold,1,8,1.2395337559304511
4,1,97.90821810218385,cold,1,8,1.2510463323314895
5,1,74.96455783017856,cold,1,8,1.2828840767283973
6,1,78.88014537675625,cold,1,8,1.254415967071937
7,1,80.10420946061635,cold,1,8,1.2231137067774718
8,1,94.64760913145129,cold,1,8,1.2447142426436846
9,1,105.6255969376249,cold,1,8,1.2490818464341416
10,1,79.46218017116301,cold,1,8,1.220288814787269
11,1,89.03162855792517,cold,1,8,1.295140368796954
12,1,81.86058088366163,cold,1,8,1.3711176110971774
13,1,84.28687234793497,cold,1,8,1.1845364219994103
14,1,86.92265183537542,cold,1,8,1.1693782096225542
15,1,68.92417599663061,cold,1,8,1.253080524079899
16,1,98.8275935105183,cold,1,8,1.2757278626933057
0,2,19.418139751741577,hot,2,0,1.2014641577040626
1,2,26.717423750256767,hot,2,0,1.2328157832913027
2,2,20.857859752058935,hot,2,0,1.1461572860033018
3,2,19.59041993541074,hot,2,0,1.2939648214253563
4,2,21.52251372785976,hot,2,0,1.248497541891167
5,2,19.836695771265767,hot,2,0,1.1982182883940893
6,2,23.776078777191845,hot,2,0,1.2038280345310963
7,2,69.49326278463641,hot,2,0,1.136561844331154
8,2,24.462251842421,hot,2,0,1.1705921144054439
9,2,18.993568777030365,hot,2,0,1.189055862057774
10,2,20.377218730317033,hot,2,0,1.0792299220400072
11,2,22.716193207611713,hot,2,0,1.1639590365228352
12,2,14.606787362595663,hot,2,0,1.1918102419185337
13,2,38.666801004862464,hot,2,0,1.1990652712686083
14,2,36.41341793707473,hot,2,0,1.1819567341427166
15,2,21.779662586394295,hot,2,0,1.1398089812231496
16,2,29.2833774064764,hot,2,0,1.219352256362623
0,3,19.226212935409077,hot,2,4,0.939779693201402
1,3,15.926898976313804,hot,2,4,0.8897686473995752
2,3,17.523602302039112,hot,2,4,0.8542733711392172
3,3,23.467926430858995,hot,2,4,0.8356584267462457
4,3,13.987499175854206,hot,2,4,0.9663900967162836
5,3,29.923083910473363,hot,2,4,0.8544154358636775
6,3,18.816214692473455,hot,2,4,0.7881798039427991
8,3,16.62913054072918,hot,2,4,0.7542986443531354
9,3,16.826399801010396,hot,2,4,0.8493400780633984
10,3,12.986156691061032,hot,2,4,0.7706015697188333
11,3,16.473357592604415,hot,2,4,0.949608957415317
12,3,22.723858320069386,hot,2,4,0.9099938977406075
13,3,16.774743048123693,hot,2,4,0.8259678368393181
14,3,12.189274152137472,hot,2,4,0.8107613389177416
15,3,16.78951536947962,hot,2,4,0.7127156323488705
16,3,10.340016366694478,hot,2,4,0.950571468067465
0,4,0.43059835998602364,cold,1,3,1.4480856642169095
1,4,0.3991119532827095,cold,1,3,1.1835711853532551
2,4,0.24494871911726837,cold,1,3,1.120588472071268
3,4,0.4918101902307996,cold,1,3,0.9638060857100978
4,4,0.5490843157649505,cold,1,3,1.0453236605672593
5,4,0.7150077162148442,cold,1,3,0.9317364847615106
6,4,0.479576800272978,cold,1,3,1.1454327261676163
7,4,0.9245715699527359,cold,1,3,0.8042296592992557
8,4,0.46529080383084687,cold,1,3,0.9659559586726789
9,4,0.43129581300650816,cold,1,3,1.2852767584987814
10,4,0.3083666219906529,cold,1,3,0.9260764219458861
11,4,1.0058222090218523,cold,1,3,1.0922646915113507
12,4,0.5190643645632657,cold,1,3,1.2787231281049878
13,4,1.3591458379511754,cold,1,3,1.0586345779116535
14,4,0.35125227439190715,cold,1,3,1.0464450946061212
15,4,0.475925196251415,cold,1,3,0.9097903306932166
16,4,0.3258933834703001,cold,1,3,1.0001614220323136
0,5,0.7026391334918659,cold,1,3,1.4391738498177609
1,5,0.6979798162049615,cold,1,3,1.1028834661423468
2,5,0.39317241693000893,cold,1,3,1.0327249607349147
3,5,0.5394365297772754,cold,1,3,0.8589452277949761
4,5,0.8254398555917809,cold,1,3,0.8837600771669556
5,5,0.5340593039425303,cold,1,3,0.9616323702227628
6,5,0.6119975272237057,cold,1,3,0.9780014828526473
7,5,1.0403441613047693,cold,1,3,0.9100980423766001
8,5,0.5614239150266166,cold,1,3,1.002047512511037
9,5,0.5931240719012258,cold,1,3,1.055046015245922
10,5,0.4577903102787158,cold,1,3,0.8649996695208659
11,5,0.9401114160247969,cold,1,3,0.9852262656266216
12,5,0.6518697155687863,cold,1,3,1.1787517156459855
13,5,1.1547891653806803,cold,1,3,0.8753481231270308
14,5,0.5017363388235591,cold,1,3,0.8155453861068019
15,5,0.6011432214922281,cold,1,3,0.8788040967009686
16,5,0.511417741724834,cold,1,3,0.8967782044812579
0,6,0.5608157703129504,cold,1,3,1.3271480698089146
1,6,0.4820014501198869,cold,1,3,1.6696180686121682
2,6,0.39156836635695097,cold,1,3,1.27327123703092
3,6,0.7320790854890169,cold,1,3,1.572601194046716
4,6,0.7468932438695839,cold,1,3,1.004857212974573
5,6,0.9227597737924188,cold,1,3,1.3887429559594573
6,6,0.5951069524557812,cold,1,3,1.6207258591508653
7,6,1.0837623212344574,cold,1,3,1.1469619599694107
8,6,0.6224544534826426,cold,1,3,1.4821140475866026
9,6,0.5638716079257541,cold,1,3,1.3181200988194284
10,6,0.4819686855802613,cold,1,3,1.2828115037670123
11,6,1.2113491682171769,cold,1,3,1.5570357971028879
12,6,0.7844582486532025,cold,1,3,2.052365454337141
13,6,1.7054421562869388,cold,1,3,1.12587536834725
14,6,0.4244680115205777,cold,1,3,1.6131017454904926
15,6,0.6301268942607652,cold,1,3,1.736962120569833
16,6,0.38341479430382397,cold,1,3,1.2901780781903698
0,7,0.5404910299895687,cold,1,3,1.1578814049358404
1,7,0.5062336566655834,cold,1,3,1.102035219128111
2,7,0.38356526912332345,cold,1,3,1.022793706435546
3,7,0.5205635191751763,cold,1,3,0.9973143530995325
4,7,0.6433184903822526,cold,1,3,0.8434831490374985
5,7,0.4745484801668773,cold,1,3,0.9490008064446634
6,7,0.4160718428326678,cold,1,3,0.9410299109628948
7,7,0.7795487830239387,cold,1,3,0.9370657814267124
8,7,0.4342771599897221,cold,1,3,1.0316176920796254
9,7,0.4829127375508354,cold,1,3,1.0228816818235973
10,7,0.6169824994303349,cold,1,3,0.8753700453451728
11,7,0.7410845816066717,cold,1,3,0.9660141956241738
12,7,0.6063505277246689,cold,1,3,1.1018136414451816
13,7,0.9349368983534692,cold,1,3,1.2279247722573787
14,7,0.40408285227519414,cold,1,3,1.0077237655694542
15,7,0.42160089853854377,cold,1,3,0.7420524556632605
16,7,0.3672663996919646,cold,1,3,0.8173408493460155
0,8,29.743435226080955,hot,4,21,1.1684911475729949
1,8,29.40098790649094,hot,4,21,1.1690536947662014
2,8,40.46310225375593,hot,4,21,1.1191722084248177
3,8,28.238924808865573,hot,4,21,1.12327074575026
4,8,46.17560287113459,hot,4,21,1.067121105568425
5,8,29.733672269554944,hot,4,21,1.1626462966554931
6,8,34.8379879772627,hot,4,21,1.17643016411576
7,8,66.97301620652195,hot,4,21,1.0480252854289196
8,8,39.776937967618856,hot,4,21,1.1715518862307563
9,8,45.57449270939486,hot,4,21,1.229951661644227
10,8,38.72184491317104,hot,4,21,1.1777425003981326
11,8,37.73874260528522,hot,4,21,1.066654451313757
12,8,38.40113620497746,hot,4,21,1.144494410793528
13,8,56.99286884813273,hot,4,21,1.1281865470337988
14,8,34.02650696964608,hot,4,21,1.12214434226586
15,8,33.342442020348116,hot,4,21,1.1246084720334382
16,8,30.696471976075262,hot,4,21,1.0657051405918732
0,9,44.65728820159394,hot,4,21,1.4076418283888845
1,9,38.93577560952744,hot,4,21,1.3480912731935137
2,9,66.3672675572244,hot,4,21,1.3729739575706394
3,9,50.27801321209141,hot,4,21,1.316474018935021
4,9,49.84120226802762,hot,4,21,1.2238319032388818
5,9,55.82333703378618,hot,4,21,1.3573478420133667
6,9,66.24519687067314,hot,4,21,1.2937240480997392
7,9,80.38606549594553,hot,4,21,1.2306858004649512
8,9,69.09086500644895,hot,4,21,1.2284763930025557
9,9,60.768365193721216,hot,4,21,1.316609807385446
10,9,66.88832529907913,hot,4,21,1.3532382321867966
11,9,45.69413865796315,hot,4,21,1.2622751203738565
12,9,60.5527169671444,hot,4,21,1.3830208193490017
13,9,63.73349095174444,hot,4,21,1.3181758661406267
14,9,51.71713794503705,hot,4,21,1.2546524582157674
15,9,64.17094567974894,hot,4,21,1.3148937378709635
16,9,45.881812858242185,hot,4,21,1.3210323577529142
0,10,55.06264469615635,hot,2,0,1.2384237454296771
1,10,131.66231821813864,hot,2,0,1.2450178056439847
2,10,47.92676250326434,hot,2,0,1.258300850816268
3,10,78.39668581364784,hot,2,0,1.2346465448941935
4,10,89.92446237881798,hot,2,0,1.359661510044004
5,10,24.16120151538365,hot,2,0,1.1543400167843298
6,10,0.4872472351489606,hot,2,0,1.1357955315194328
7,10,42.27211302784106,hot,2,0,1.3731726823874293
8,10,0.5312964877992328,hot,2,0,1.3666018283710202
9,10,72.14829639041011,hot,2,0,1.2615730356921746
10,10,0.40134808805590716,hot,2,0,1.2561904916001805
11,10,87.53937447692653,hot,2,0,1.3073587387818943
12,10,45.62000914621007,hot,2,0,1.1972919598243184
13,10,10.55601697534717,hot,2,0,1.4966047497237909
14,10,92.0222865313914,hot,2,0,1.3419714419893654
15,10,0.28118489864576973,hot,2,0,1.6224133406903156
16,10,135.6800789358127,hot,2,0,1.2626926619273309
0,11,381.2621641677773,hot,4,1,1.1570226406911015
1,11,229.74307972557023,hot,4,1,1.134979725591147
2,11,291.7419540735563,hot,4,1,1.109333849877956
3,11,267.8874758426521,hot,4,1,1.1230391579655776
4,11,209.73303234141903,hot,4,1,1.1239542996473155
5,11,224.7956346200358,hot,4,1,1.1943482810342034
6,11,223.30082201435118,hot,4,1,1.2386014177244866
7,11,382.3218349390956,hot,4,1,1.1755716145224824
8,11,270.6177731733188,hot,4,1,1.2253056867147207
9,11,339.8820278043232,hot,4,1,1.0696215333131487
10,11,224.16470472013975,hot,4,1,1.1783940172554597
11,11,199.42345668986835,hot,4,1,1.116335766945417
12,11,355.52445389496114,hot,4,1,1.1016152593068183
13,11,197.68949035878472,hot,4,1,1.14350950797633
14,11,190.89016628810313,hot,4,1,1.245444151323788
15,11,227.0975472439132,hot,4,1,1.255585483448245
16,11,196.17826820893904,hot,4,1,1.1057945603725763
0,12,29.650333447335587,cold,0,7,1.4921964459631127
1,12,41.958766761540566,cold,0,7,1.3358185564587155
2,12,27.780909179519373,cold,0,7,1.3001471041105699
3,12,28.395061874146073,cold,0,7,1.444977852612305
4,12,46.57955170018123,cold,0,7,1.2072097492593628
5,12,18.62071966811533,cold,0,7,1.481425120079827
6,12,25.46549498433454,cold,0,7,1.4297037610518986
7,12,41.266077750460546,cold,0,7,1.1477202210327222
8,12,25.740103449946183,cold,0,7,1.3675349427951868
9,12,24.249352226214334,cold,0,7,1.3816627392802605
10,12,29.244872165758963,cold,0,7,1.2317484603907787
11,12,36.058463494787816,cold,0,7,1.326673310842508
12,12,26.777462661084993,cold,0,7,1.4598927503976542
13,12,30.65934165649796,cold,0,7,1.217527300458632
14,12,24.389650102260234,cold,0,7,1.2658183354531076
15,12,24.086175652565924,cold,0,7,1.4085176944211917
16,12,34.05271324084658,cold,0,7,1.2369525597609556
0,13,34.9600604912826,cold,0,7,1.6926371042488184
1,13,66.90137012480854,cold,0,7,1.432821998425511
2,13,61.468270858748035,cold,0,7,1.4536342267626763
3,13,67.33406358113416,cold,0,7,1.5849611778586836
4,13,83.84592469636956,cold,0,7,1.2929260474952646
5,13,48.579727721044414,cold,0,7,1.6022827464195428
6,13,62.036244192582465,cold,0,7,1.5813762889939627
7,13,77.31311888111776,cold,0,7,1.2646860116350154
8,13,67.12814080143303,cold,0,7,1.4699557679113555
9,13,52.03009465655152,cold,0,7,1.503625502393769
10,13,71.21009077548575,cold,0,7,1.4374043124906979
11,13,63.85319996651219,cold,0,7,1.4095227971104791
12,13,62.4456679989215,cold,0,7,1.5989049219613645
13,13,85.6884254919107,cold,0,7,1.32712350275534
14,13,65.03806113509314,cold,0,7,1.3585028011941784
15,13,62.10516999392528,cold,0,7,1.5291808680609178
16,13,72.20749089239214,cold,0,7,1.3513688367790295
0,14,13.999777869944353,hot,2,12,0.8640083695937189
1,14,13.244900174957673,hot,2,12,0.8115143209452099
2,14,9.106740514807099,hot,2,12,0.8246795606836126
3,14,6.509910062770097,hot,2,12,0.8278356823652058
4,14,10.033498009305664,hot,2,12,0.9184345632401584
5,14,6.168817344654475,hot,2,12,0.7590639161073841
6,14,4.0035596717352,hot,2,12,0.6649959951844077
8,14,2.7933068227469056,hot,2,12,0.6511792012014768
9,14,7.151429701896581,hot,2,12,0.8334967613674378
10,14,3.098755554753284,hot,2,12,0.684117337264429
11,14,12.446444492379314,hot,2,12,0.8798805117316596
12,14,11.766966538474243,hot,2,12,0.8820884952844906
13,14,6.318250224276479,hot,2,12,0.7789956852235235
14,14,7.93103505687959,hot,2,12,0.7871928056683333
15,14,3.4784187668747495,hot,2,12,0.5929015568836625
16,14,10.019120742260052,hot,2,12,0.9498127351685334
0,15,23.646030763095453,hot,2,15,1.0
1,15,14.943102616307838,hot,2,15,1.0
2,15,16.823706292473016,hot,2,15,1.0
3,15,17.851633827194366,hot,2,15,1.0
4,15,17.271417831444733,hot,2,15,1.0
5,15,13.495734318526674,hot,2,15,1.0
6,15,9.434221393984398,hot,2,15,1.0
7,15,0.0145674911866678,hot,2,15,1.0
8,15,10.733919697405371,hot,2,15,1.0
9,15,18.69705875970487,hot,2,15,1.0
10,15,7.288084319552637,hot,2,15,1.0
11,15,21.16708727131772,hot,2,15,1.0
12,15,23.385199202039587,hot,2,15,1.0
13,15,13.05232075136994,hot,2,15,1.0
14,15,16.959415470658676,hot,2,15,1.0
15,15,9.983262723589938,hot,2,15,1.0
16,15,19.056214729331124,hot,2,15,1.0
0,16,28.824855986287314,hot,3,10,0.8261960543248322
1,16,23.17094174967467,hot,3,10,0.7897139573219537
2,16,16.28342214836507,hot,3,10,0.7898637578716151
3,16,18.93686410895067,hot,3,10,0.7662461187443941
4,16,26.319181760115054,hot,3,10,0.9072926844707723
5,16,20.758223997265937,hot,3,10,0.7617294678519245
6,16,10.925301448999551,hot,3,10,0.6952593961092874
8,16,10.246050661705365,hot,3,10,0.6674298977423442
9,16,12.990570478798185,hot,3,10,0.7934736469941829
10,16,6.552604468720097,hot,3,10,0.7061076576640241
11,16,37.03655249274848,hot,3,10,0.8723901047250943
12,16,20.543863124125323,hot,3,10,0.8384112653293413
13,16,8.685005948005534,hot,3,10,0.7789494878644865
14,16,14.354851941712361,hot,3,10,0.8378101329713207
15,16,12.854607918522454,hot,3,10,0.6494514737372065
16,16,17.362228530484607,hot,3,10,0.8621270183981002
0,17,95.91394897543792,hot,3,10,0.8943498580984554
1,17,88.19896977483049,hot,3,10,0.8565851027008448
2,17,70.86113374564233,hot,3,10,0.8547679994448936
3,17,68.11058356305945,hot,3,10,0.8517741975685943
4,17,111.54255253289946,hot,3,10,0.9253200614106974
5,17,76.7245019307271,hot,3,10,0.8296359760419423
6,17,73.6380396030486,hot,3,10,0.7173923714340094
8,17,52.79170819576651,hot,3,10,0.7198061029481255
9,17,64.55444674227758,hot,3,10,0.8498227300841024
10,17,46.15921467800707,hot,3,10,0.7656786709633389
11,17,109.72620235603357,hot,3,10,0.915861397585733
12,17,96.60958120318172,hot,3,10,0.8966330801981434
13,17,62.357745508076775,hot,3,10,0.8201315614280179
14,17,63.072100296411115,hot,3,10,0.8108167778822465
15,17,64.33151420449185,hot,3,10,0.6545175376828637
16,17,71.82098592919549,hot,3,10,0.9188258842124885
0,18,232.57369996099868,hot,4,22,1.1926104007958416
1,18,198.6908962167372,hot,4,22,1.1494125004355737
2,18,294.3495005760651,hot,4,22,1.193571517238457
3,18,316.4630082890643,hot,4,22,1.1063202034801225
4,18,260.543103838798,hot,4,22,1.1764643870089686
5,18,359.0103924419124,hot,4,22,1.1671774986421402
6,18,376.3850491737822,hot,4,22,1.2232883158462118
7,18,433.1519781782479,hot,4,22,1.092304753360583
8,18,355.44268513588895,hot,4,22,1.135172473399503
9,18,355.40865249124164,hot,4,22,1.1264590885454397
10,18,377.05141440528223,hot,4,22,1.1942871836080047
11,18,229.4287083042173,hot,4,22,1.1392682975151351
12,18,295.5502727166136,hot,4,22,1.1281689921011868
13,18,246.25815565406356,hot,4,22,1.130495056985348
14,18,244.40534406677884,hot,4,22,1.0334059534774602
15,18,297.37729975740984,hot,4,22,1.1865418118667097
16,18,230.24703332199647,hot,4,22,1.0570589751111852
0,19,97.72162426948384,hot,2,0,1.1674904600491998
1,19,127.18901440912919,hot,2,0,1.1412532846304877
2,19,111.68771199210343,hot,2,0,1.086443133344124
3,19,176.95375542600135,hot,2,0,1.120718585276351
4,19,158.50167686310198,hot,2,0,1.1732340357735433
5,19,138.15800563819826,hot,2,0,1.1459053836106845
6,19,133.40349405326015,hot,2,0,1.1906136824266633
7,19,227.44496330406793,hot,2,0,1.1110708468601733
8,19,155.5296510459755,hot,2,0,1.1202992241595835
9,19,129.67547477429153,hot,2,0,1.1364351580002687
10,19,131.78175433758517,hot,2,0,1.0863226852563184
11,19,124.68194379994291,hot,2,0,1.1423804792024372
12,19,101.19288608383111,hot,2,0,1.0979998294901159
13,19,171.77332652815858,hot,2,0,1.18337720134015
14,19,139.68289259569409,hot,2,0,1.0627704862534548
15,19,107.14185453117558,hot,2,0,1.1234459153414271
16,19,138.8444963374302,hot,2,0,1.074545782571837
0,20,18.30288409803923,hot,2,0,1.0
1,20,24.14035260603233,hot,2,0,1.0
2,20,20.516312608095607,hot,2,0,1.0
3,20,35.01491928565852,hot,2,0,1.0
4,20,21.933978444596857,hot,2,0,1.0
5,20,25.415704370200466,hot,2,0,1.0
6,20,25.967695790796842,hot,2,0,1.0
7,20,0.2554653472665124,hot,2,0,1.0
8,20,22.539730504701783,hot,2,0,1.0
9,20,19.05490025996254,hot,2,0,1.0
10,20,29.195836885707294,hot,2,0,1.0
11,20,23.700476139058225,hot,2,0,1.0
12,20,20.758288002966598,hot,2,0,1.0
13,20,38.11411339337277,hot,2,0,1.0
14,20,35.811011878579784,hot,2,0,1.0
15,20,23.073585212194182,hot,2,0,1.0
16,20,34.618553828278515,hot,2,0,1.0
0,21,2.491327430864102,hot,2,23,1.5119071439687644
1,21,1.7476800840037212,hot,2,23,1.155838395074135
2,21,1.350549147658821,hot,2,23,1.2941561496942335
3,21,0.720133525251207,hot,2,23,1.2850225915518576
4,21,2.508008321957981,hot,2,23,1.1072641826742018
5,21,2.2818715960169174,hot,2,23,1.1874067295354482
6,21,2.52310391010392,hot,2,23,0.8891296718280319
8,21,0.4729934499069788,hot,2,23,1.1666998151034362
9,21,2.0818448063443857,hot,2,23,1.1701837112030435
10,21,1.0182403264423336,hot,2,23,0.9156637451179862
11,21,2.5785847680354204,hot,2,23,1.4151789113082498
12,21,2.776310714973801,hot,2,23,1.365536869393273
13,21,0.8684096798197093,hot,2,23,0.979135454864609
14,21,3.1043547509953284,hot,2,23,0.8258701288137287
15,21,1.6699386868441566,hot,2,23,0.8549004875366678
16,21,3.117874277830568,hot,2,23,0.99322139737483
0,22,1.9583833774917154,hot,2,23,1.5468849206493822
1,22,1.4512060082398632,hot,2,23,1.0832881400271916
2,22,0.7646971754779454,hot,2,23,1.3341018751179063
3,22,0.4973764031500293,hot,2,23,1.2685599171136495
4,22,1.1453411895387406,hot,2,23,1.174884350796005
5,22,1.6566075837918035,hot,2,23,1.286149787796216
6,22,0.916403725793438,hot,2,23,0.969702720402951
8,22,0.28446618796852874,hot,2,23,1.1902993031652636
9,22,1.43995479000074,hot,2,23,1.248521203047076
10,22,0.4826610416563139,hot,2,23,1.0537080919855402
11,22,1.4214338044690225,hot,2,23,1.4179477067790933
12,22,1.61608444992316,hot,2,23,1.5251936110027697
13,22,0.479642472787141,hot,2,23,1.002521779126697
14,22,1.5867820554451335,hot,2,23,0.9075350102138747
15,22,0.500883033736355,hot,2,23,0.9117232254935203
16,22,2.031708077064222,hot,2,23,1.0880725443441805
0,23,2.2194808634214973,hot,1,3,1.0136120099026635
1,23,1.3518514213217423,hot,1,3,0.9099552292919221
2,23,1.2015187471171216,hot,1,3,0.7820304695424117
3,23,1.239498570197775,hot,1,3,0.8097687512975335
4,23,2.5579561955948096,hot,1,3,0.8819503201704069
5,23,1.42331720301978,hot,1,3,0.8773877690513051
6,23,1.8343724067452762,hot,1,3,0.9254404097382989
7,23,3.159177713473274,hot,1,3,0.6340813246039323
8,23,1.2917094361354349,hot,1,3,0.8833483291191069
9,23,1.9077691661824763,hot,1,3,0.8053920600587218
10,23,1.0544564067912339,hot,1,3,0.661870128022482
11,23,2.039043019754936,hot,1,3,0.7942360363424223
12,23,2.6907864945866438,hot,1,3,0.8268100487953355
13,23,2.7072732769833583,hot,1,3,0.8331575201082533
14,23,0.9293635300707683,hot,1,3,0.788565083767491
15,23,1.9025579318180386,hot,1,3,0.8492844989940511
16,23,1.3835746678091672,hot,1,3,0.7235815870725367
0,24,1.6039801421030841,hot,1,3,1.0235692788209247
1,24,1.0596647223779931,hot,1,3,0.86667527281758
2,24,0.8513539280457348,hot,1,3,0.8275849441211193
3,24,0.7491825218658998,hot,1,3,0.8160819977169759
4,24,1.7207300776331331,hot,1,3,0.8461797460487969
5,24,0.6936866374290012,hot,1,3,0.8536529622946574
6,24,0.970502951771099,hot,1,3,0.7906571126268407
7,24,1.6543214603698646,hot,1,3,0.6236161895581837
8,24,0.7641837180759848,hot,1,3,0.8189957747158854
9,24,1.1735199356225205,hot,1,3,0.7543024421091896
10,24,0.6797522721177445,hot,1,3,0.6276054630471884
11,24,1.1651204407222369,hot,1,3,0.7730377274534261
12,24,1.518959024666364,hot,1,3,0.7327767599319351
13,24,1.5225519742823157,hot,1,3,0.7951698244081796
14,24,0.8199067068901515,hot,1,3,0.724850286447715
15,24,0.8803080835107888,hot,1,3,0.6542733659377674
16,24,0.8937371180179543,hot,1,3,0.6596334487976675
0,25,0.11501839356347114,hot,1,3,1.3167010232012186
1,25,0.09923800640855518,hot,1,3,0.8865073642820652
2,25,0.08398356410364803,hot,1,3,0.732611988541346
3,25,0.08757103028021512,hot,1,3,0.770081026140536
4,25,0.11317703077776534,hot,1,3,0.930715474203331
5,25,0.05854619092000784,hot,1,3,0.9806748131358176
6,25,0.06792067803338356,hot,1,3,1.0964356931003736
7,25,0.14657746981965483,hot,1,3,0.6272751454847484
8,25,0.052996787518256816,hot,1,3,0.9185414091094091
9,25,0.1115845800284636,hot,1,3,0.8563005874225169
10,25,0.04322818151729104,hot,1,3,0.8657116567563637
11,25,0.08480455763855593,hot,1,3,0.7880308946859087
12,25,0.14142162715118606,hot,1,3,0.8124432073593041
13,25,0.13474321129863792,hot,1,3,0.9890671720051732
14,25,0.09252842870529349,hot,1,3,0.926713222209849
15,25,0.0531751177702063,hot,1,3,1.0282912356013398
16,25,0.08957778229853426,hot,1,3,0.816994691885023
0,26,9.11328872995211,hot,2,5,0.7971598638956621
1,26,4.75259247019615,hot,2,5,0.7389719606888474
2,26,4.986922050256882,hot,2,5,0.8100123162195072
3,26,4.709208232262214,hot,2,5,0.80071968412384
4,26,3.48156411026051,hot,2,5,0.9160078892132634
5,26,4.789984729480313,hot,2,5,0.7685273385700137
6,26,3.230170987207568,hot,2,5,0.630669852141247
8,26,3.077737142631518,hot,2,5,0.6694851185090932
9,26,3.913414635939321,hot,2,5,0.7861308810188888
10,26,1.3349551633528152,hot,2,5,0.7141920183579463
11,26,5.777522311973943,hot,2,5,0.8499177854685351
12,26,6.2277308210692315,hot,2,5,0.8542846865278471
13,26,2.583307935924794,hot,2,5,0.7708209991151155
14,26,3.1938798103017074,hot,2,5,0.7972690584597941
15,26,3.565962446885931,hot,2,5,0.552705407627781
16,26,3.426604852848898,hot,2,5,0.8789318152582875
0,27,16.742790701975977,hot,3,16,1.328874663021839
1,27,12.452649573697231,hot,3,16,1.1141271966206907
2,27,6.125290406811508,hot,3,16,1.2296610306452034
3,27,7.860903151468982,hot,3,16,1.156352210769764
4,27,12.561955162784386,hot,3,16,1.079947462003481
5,27,5.7046103282837155,hot,3,16,1.1730009708288365
6,27,8.122095248011929,hot,3,16,1.1971665242829201
7,27,10.074190771262831,hot,3,16,0.9683312810800868
8,27,10.724170646155832,hot,3,16,1.153539202107425
9,27,8.846749515071163,hot,3,16,1.1545994091014369
10,27,6.506666130304206,hot,3,16,1.0520256266993604
11,27,11.149674045709915,hot,3,16,1.14908381163922
12,27,5.675031330254976,hot,3,16,1.3440224578725861
13,27,9.793333594869996,hot,3,16,1.098419197043288
14,27,8.786015196439443,hot,3,16,1.0562199929998486
15,27,4.579356061688823,hot,3,16,1.0881021719825785
16,27,10.214208629512353,hot,3,16,1.1057515203369088
0,28,0.24635935746956467,cold,0,7,2.302163510163373
1,28,1.4120485887169798,cold,0,7,2.05090422308274
2,28,2.0170767468620623,cold,0,7,1.7700993493603356
3,28,0.968504636940716,cold,0,7,2.152754525465579
4,28,1.0187939620314614,cold,0,7,1.6161530601594591
5,28,1.9564518478474675,cold,0,7,1.7500792315378368
6,28,2.4509346925467415,cold,0,7,2.043533638934351
8,28,5.52094812056967,cold,0,7,1.8694776210049855
9,28,2.0341513396980675,cold,0,7,2.0272819837943543
10,28,6.385513103087954,cold,0,7,1.586996291113999
11,28,1.190628383907804,cold,0,7,2.0492122670402857
12,28,1.9839439718027745,cold,0,7,2.2443332762296335
13,28,4.593660751679159,cold,0,7,1.7254109910745008
14,28,2.37428271903759,cold,0,7,1.6586800637418162
15,28,7.853852077352005,cold,0,7,1.7533707723863456
16,28,1.820949529750575,cold,0,7,1.7476945543966649
0,29,19.220458015972028,hot,2,14,1.0668918966531185
1,29,15.887732383032901,hot,2,14,1.0825075659286638
2,29,21.621529200275344,hot,2,14,1.0974303950722464
3,29,24.752218681867635,hot,2,14,1.0621660221142764
4,29,17.402793024484723,hot,2,14,1.1422060179028015
5,29,19.38117314847917,hot,2,14,1.0
6,29,23.98525858695567,hot,2,14,1.06507893033246
7,29,21.321803849773783,hot,2,14,0.9117870718183718
8,29,33.389516695741804,hot,2,14,1.0
9,29,19.093864277362435,hot,2,14,1.0452092024166346
10,29,14.06547117660648,hot,2,14,0.9460937733550668
11,29,14.237197435362306,hot,2,14,1.0440252994850212
12,29,24.491552662381707,hot,2,14,1.1287789294296058
13,29,19.61946328330056,hot,2,14,1.0315477414921101
14,29,21.590510294839973,hot,2,14,0.96258172032379
15,29,24.865862499831813,hot,2,14,1.0
16,29,24.215739193456166,hot,2,14,1.0840879454310242
0,30,20.622591407808773,hot,1,19,0.8084211432728841
1,30,16.160016221341344,hot,1,19,1.019465853598195
2,30,24.853988974775437,hot,1,19,0.7409132035115201
3,30,17.206276785897835,hot,1,19,0.8630284023280141
4,30,24.633948575985873,hot,1,19,0.7515204032786029
5,30,14.538522657392942,hot,1,19,0.901433375524042
6,30,25.42070799749849,hot,1,19,0.8917190223289375
7,30,57.28860681212368,hot,1,19,0.9425595443377783
8,30,16.56350510469355,hot,1,19,0.8497697938784478
9,30,18.449990995054947,hot,1,19,0.7405014302629237
10,30,18.494116861706154,hot,1,19,0.6844514861016852
11,30,15.692669909162731,hot,1,19,1.144577988929151
12,30,27.326775925170814,hot,1,19,0.7512279649452146
13,30,45.23149758003692,hot,1,19,0.9195193919587411
14,30,26.47146777605074,hot,1,19,0.8442401894273975
15,30,18.375984629297015,hot,1,19,0.8899843641253922
16,30,22.866708876209817,hot,1,19,0.7529515123479581
0,31,111.27785281342229,hot,1,9,0.9228919420767724
1,31,119.77142638883295,hot,1,9,0.8942690875639642
2,31,93.37132111811157,hot,1,9,0.8892532148138959
3,31,117.56726239305256,hot,1,9,0.8755548141887237
4,31,116.1308423169467,hot,1,9,0.9285564764082008
5,31,128.09121817705346,hot,1,9,0.8793285487156292
6,31,98.56387866298427,hot,1,9,0.767388716767856
7,31,48.18691826635338,hot,1,9,0.9248587482663199
8,31,94.96731618071665,hot,1,9,0.7027291844255151
9,31,78.77234579879567,hot,1,9,0.8798935552409822
10,31,56.240210959872336,hot,1,9,0.8224382260319902
11,31,142.08574501913984,hot,1,9,0.9148800396092235
12,31,110.6592557643078,hot,1,9,0.9148948942734884
13,31,98.11106359454054,hot,1,9,0.8567041117452451
14,31,91.25027233439474,hot,1,9,0.8500905282237707
15,31,83.627602157388,hot,1,9,0.7167548353747646
16,31,102.18526575623233,hot,1,9,0.9556576509042163
0,32,8.862481456558971,hot,2,12,0.9306572507682808
1,32,10.351732545410032,hot,2,12,0.8990530229404661
2,32,6.522607096873309,hot,2,12,0.9313741037774906
3,32,6.044454490948137,hot,2,12,0.9107235411990814
4,32,10.96368736993854,hot,2,12,0.9981509026575307
5,32,4.8609267492734345,hot,2,12,0.907862296439493
6,32,4.583835779098382,hot,2,12,0.7708302885980248
8,32,2.901962727771241,hot,2,12,0.7716004891332251
9,32,5.932333252346669,hot,2,12,0.9436577279556196
10,32,3.1050346944307914,hot,2,12,0.7878433901976463
11,32,10.262937691398067,hot,2,12,0.9693768055765462
12,32,8.001783713058574,hot,2,12,1.0014135890281026
13,32,7.280086111832498,hot,2,12,0.8750623453793369
14,32,7.168600049082191,hot,2,12,0.909389519243369
15,32,3.6462683986388584,hot,2,12,0.6855709310584708
16,32,8.66980280077429,hot,2,12,1.0152528329157926
0,33,13.777070185716108,hot,2,5,0.9168426213242311
1,33,11.291144014536245,hot,2,5,0.863509176323347
2,33,9.834321203901316,hot,2,5,0.8920164436468927
3,33,11.594186628167023,hot,2,5,0.8840767262275568
4,33,17.388645078304883,hot,2,5,0.9280720057696209
5,33,10.442517647199308,hot,2,5,0.8708175249963362
6,33,7.906949786443168,hot,2,5,0.7218422973013962
8,33,5.660788841842229,hot,2,5,0.731813469243982
9,33,9.782964425978355,hot,2,5,0.8687008666588539
10,33,4.310102016970672,hot,2,5,0.7802128754458858
11,33,18.406507871081757,hot,2,5,0.9137772561936092
12,33,13.390552458114028,hot,2,5,0.9406143947671348
13,33,8.5132759054681,hot,2,5,0.8069130378879434
14,33,10.005271287924069,hot,2,5,0.8352364855557055
15,33,6.020494677854871,hot,2,5,0.634453481825782
16,33,11.3732060370363,hot,2,5,0.9437065907074892
0,34,16.701605961748164,hot,2,4,0.9447909831317807
1,34,10.408376711645785,hot,2,4,0.8810042029074036
2,34,9.414096659499835,hot,2,4,0.8803755690432686
3,34,12.451755406677925,hot,2,4,0.8633158264437926
4,34,13.421024911198804,hot,2,4,0.9475162058173614
5,34,11.7729358553413,hot,2,4,0.8668467919879159
6,34,8.169358018634522,hot,2,4,0.7633183393105004
8,34,6.818867555278818,hot,2,4,0.7721683667855794
9,34,10.46046516618043,hot,2,4,0.8953885957849212
10,34,2.8710001902011575,hot,2,4,0.7943975118950973
11,34,15.71504632792487,hot,2,4,0.9428046828489413
12,34,15.461162804122482,hot,2,4,0.9273414214818889
13,34,8.828694029886494,hot,2,4,0.8512636851851729
14,34,8.376014050406782,hot,2,4,0.9153073127782517
15,34,7.561908314100881,hot,2,4,0.6831308936834479
16,34,9.774840148194595,hot,2,4,0.9280930297007288
0,35,6.771504921629039,cold,3,18,1.1169323345046778
1,35,7.289361423686791,cold,3,18,1.0871616768937333
2,35,4.492974441603189,cold,3,18,1.0032297643673216
3,35,15.009358093399642,cold,3,18,1.0730508958625693
4,35,10.855134287019652,cold,3,18,0.992661297597491
5,35,5.8065768152439485,cold,3,18,1.035130954551764
6,35,6.675094595727919,cold,3,18,0.9981258920900667
7,35,7.262627819579658,cold,3,18,0.9444490291667225
8,35,5.518202239670196,cold,3,18,0.9758583048625105
9,35,7.449365723968118,cold,3,18,1.1008071550513312
10,35,8.45478488000758,cold,3,18,0.939402258341208
11,35,8.1283493915839,cold,3,18,1.0502495743150073
12,35,4.965390449585545,cold,3,18,1.0102594308527708
13,35,10.199492548359549,cold,3,18,1.0047079303907196
14,35,7.115139573973209,cold,3,18,0.9605848822975699
15,35,3.8495923251171495,cold,3,18,0.9338829756442025
16,35,7.169554510423695,cold,3,18,1.0176312595199155
0,36,2.109069946434303,cold,1,3,1.3228282169230883
1,36,1.2634215171907168,cold,1,3,1.2382078459719459
2,36,1.2313650211435136,cold,1,3,1.1507939951841668
3,36,2.6130331829545583,cold,1,3,0.9089527182594168
4,36,1.7018730030066924,cold,1,3,1.0608567400613587
5,36,2.1028823889816652,cold,1,3,0.9298365027528612
6,36,2.3733191816626964,cold,1,3,1.0231045762306572
7,36,1.6106883303840822,cold,1,3,0.9162340412030145
8,36,2.231184592970085,cold,1,3,1.0682728677477946
9,36,1.8488831271589765,cold,1,3,1.1312583575600725
10,36,1.4376675836082555,cold,1,3,0.9468728483002977
11,36,1.414138147889309,cold,1,3,1.2103529291279072
12,36,1.663941628553048,cold,1,3,1.233589837849881
13,36,1.6421834811596652,cold,1,3,1.0726039299982593
14,36,0.9975886757449308,cold,1,3,1.1527447538129525
15,36,2.0394384858378465,cold,1,3,1.040110942309666
16,36,1.2620509305255638,cold,1,3,1.1124627579200952
0,37,1.3022810008066863,cold,1,3,1.3181739494157376
1,37,0.8195516060413909,cold,1,3,1.1293483150100088
2,37,0.6561510517008905,cold,1,3,1.0415011313357148
3,37,0.7766665451814156,cold,1,3,0.9372694174220645
4,37,0.9139416456994709,cold,1,3,1.0556535862707286
5,37,0.805693730001649,cold,1,3,0.8814865151636004
6,37,0.8505778307629533,cold,1,3,1.034639943536173
7,37,1.2618534121742222,cold,1,3,0.8020948812469227
8,37,0.816674742661359,cold,1,3,0.8903586863053852
9,37,0.8874094244077233,cold,1,3,1.028800317769166
10,37,0.6702402931244912,cold,1,3,0.8884753249916135
11,37,0.8890035881115854,cold,1,3,1.0404488938119596
12,37,0.8904003373450678,cold,1,3,1.0713328529611077
13,37,0.955056280900876,cold,1,3,1.0383883483959169
14,37,0.7298878000862594,cold,1,3,0.8086834483312955
15,37,0.7288581403897219,cold,1,3,0.8551892471731066
16,37,0.730834299428617,cold,1,3,0.9448572622076137
0,38,1.5592522917063771,cold,1,3,1.148226617138158
1,38,0.729939614771144,cold,1,3,1.1333092318314373
2,38,0.4974768036855115,cold,1,3,1.0385598944672918
3,38,1.0353681118409233,cold,1,3,0.8629206858475428
4,38,0.7400669670902772,cold,1,3,1.0541660276149665
5,38,1.0026630578333435,cold,1,3,0.8783158419416713
6,38,0.8407176181295478,cold,1,3,0.992505050523897
7,38,0.77175637333019,cold,1,3,0.9358579305037538
8,38,0.7505875324944723,cold,1,3,1.0114400978079383
9,38,0.6459053984933524,cold,1,3,1.0350503213041216
10,38,0.5584041237379278,cold,1,3,0.9353070694933546
11,38,0.9428598773373743,cold,1,3,1.0629554143556756
12,38,0.6128054031736041,cold,1,3,1.091022232243618
13,38,0.7431424569419982,cold,1,3,1.0240807715620008
14,38,0.4383228513887509,cold,1,3,0.9980968657718712
15,38,0.8368211281018852,cold,1,3,0.9631879870393842
16,38,0.6142886019412304,cold,1,3,1.0307475900095935
0,39,0.5450227642278577,cold,1,3,1.186030446133097
1,39,0.36228833248048536,cold,1,3,1.1511419725157004
2,39,0.21338110668842875,cold,1,3,0.9564517309321137
3,39,0.2816933384420654,cold,1,3,0.9640894937776445
4,39,0.2774847409326272,cold,1,3,1.0139101116977964
5,39,0.2721150389218824,cold,1,3,0.8784221146597959
6,39,0.2808367730576432,cold,1,3,1.093056137486068
7,39,0.6343061890745966,cold,1,3,0.9355638330340944
8,39,0.26596038850333237,cold,1,3,0.8982318686693938
9,39,0.27892407554680315,cold,1,3,0.9940325599634908
10,39,0.19849220989462021,cold,1,3,0.8428430362290005
11,39,0.3396057131978869,cold,1,3,0.9934384115479675
12,39,0.26842048789757944,cold,1,3,1.0489329744487637
13,39,0.3905287679339408,cold,1,3,1.1268383412512561
14,39,0.2836686823273564,cold,1,3,0.8556852992417039
15,39,0.22114481159308072,cold,1,3,0.9564883129847457
16,39,0.27417944001484745,cold,1,3,0.8540749892711531
0,40,4.071777635599677,hot,1,3,0.9787915197728264
1,40,2.6554352761054676,hot,1,3,0.9690920066294435
2,40,2.2275405452678405,hot,1,3,0.8578782530476363
3,40,2.8179527205853256,hot,1,3,0.8811156818051176
4,40,5.629207025043813,hot,1,3,0.9592389509797283
5,40,3.1854136842537657,hot,1,3,0.8862646140541431
6,40,4.933366017153721,hot,1,3,0.8928971531008078
7,40,6.095535344037711,hot,1,3,0.9230475591666739
8,40,5.6578957518873905,hot,1,3,0.8562707233653924
9,40,2.5510442620701403,hot,1,3,0.8565056087893591
10,40,2.259415586222352,hot,1,3,0.7670970128624585
11,40,3.5416466247954665,hot,1,3,0.9086764372485984
12,40,2.807717118963268,hot,1,3,0.9237922585226714
13,40,3.4038368406131077,hot,1,3,0.9378608093702792
14,40,2.203925061331911,hot,1,3,0.8232361568073733
15,40,3.8004153424140443,hot,1,3,0.8716178668663846
16,40,2.856577549355225,hot,1,3,0.8631132770774482
0,41,1.2522759688259335,hot,1,3,0.9538931518131585
1,41,0.7587250062824269,hot,1,3,0.8967606203201326
2,41,0.5767240326157596,hot,1,3,0.7720556843437959
3,41,0.6445261298217312,hot,1,3,0.8160703156463147
4,41,1.0804900757954459,hot,1,3,0.8743086416280734
5,41,0.5020751574822597,hot,1,3,0.8288529611499753
6,41,0.7672068069373824,hot,1,3,0.7621039654923719
7,41,1.8443580217879854,hot,1,3,0.7695489274054164
8,41,0.9984584643344945,hot,1,3,0.7352457862286869
9,41,0.6782920655608905,hot,1,3,0.7772963529377919
10,41,0.4893699261803152,hot,1,3,0.7299492105838402
11,41,0.8206073533401275,hot,1,3,0.838205235077408
12,41,0.676333451793145,hot,1,3,0.8786806896422115
13,41,0.8192355670945162,hot,1,3,0.9313013862057256
14,41,0.9136138747212404,hot,1,3,0.7517161750644098
15,41,0.4472583778166007,hot,1,3,0.7360241005185009
16,41,0.8274801001571793,hot,1,3,0.7790161072784818
0,42,0.17939412462080973,hot,1,3,1.0115808069999932
1,42,0.14147802560123532,hot,1,3,0.8345245815317525
2,42,0.09782766158063837,hot,1,3,0.8425096276872337
3,42,0.12732435500913364,hot,1,3,0.9131346476314284
4,42,0.1387916689826985,hot,1,3,1.0583542704823317
5,42,0.07546267934990457,hot,1,3,0.9222295630621885
6,42,0.12199262259658232,hot,1,3,0.9207397104430455
7,42,0.2401356883514335,hot,1,3,0.688912246124075
8,42,0.1651528465490886,hot,1,3,0.8008431426160015
9,42,0.10149856636414628,hot,1,3,0.8943741221679726
10,42,0.0883792248613278,hot,1,3,0.7014216088561678
11,42,0.10419189564310076,hot,1,3,0.9660281064603252
12,42,0.09764478264236212,hot,1,3,0.8977175878897341
13,42,0.1308383498337165,hot,1,3,0.9632404604263085
14,42,0.1216280352571205,hot,1,3,0.8567605407952887
15,42,0.07372559512995926,hot,1,3,1.2740827374154844
16,42,0.12606247837233325,hot,1,3,0.7920964135954796
0,43,12.403495183237203,hot,1,3,0.9808207718101213
1,43,7.818355356018876,hot,1,3,0.9100785038777812
2,43,6.260743437050587,hot,1,3,0.8436199350473886
3,43,8.227510108164136,hot,1,3,0.8713513440244298
4,43,11.90610436401921,hot,1,3,0.8801668402921089
5,43,8.397684507289616,hot,1,3,0.8909104439540927
6,43,11.39864546990151,hot,1,3,0.8502439281364464
7,43,12.290393233223172,hot,1,3,0.8516710740473856
8,43,9.372349674635764,hot,1,3,0.8440598455032254
9,43,6.544905532249047,hot,1,3,0.8586465566329642
10,43,6.554800279742726,hot,1,3,0.7463743079307483
11,43,8.852409969756465,hot,1,3,0.8880150441481993
12,43,8.530309731799049,hot,1,3,0.905083620723011
13,43,8.508424695834965,hot,1,3,0.8955203361388991
14,43,5.179233102845089,hot,1,3,0.8029955255175187
15,43,9.33605992302006,hot,1,3,0.829410194049284
16,43,6.501671663896695,hot,1,3,0.8477166292435495
0,44,4.745497190035006,hot,1,3,0.9774857616835294
1,44,2.702948330382369,hot,1,3,0.8626940221576139
2,44,2.1655404152764084,hot,1,3,0.7721338101797716
3,44,1.939871937438732,hot,1,3,0.8200326580789197
4,44,3.3553456921384104,hot,1,3,0.8549316318700828
5,44,1.7072824648005827,hot,1,3,0.8467062536602883
6,44,2.734945231331363,hot,1,3,0.7710323958439451
7,44,5.249995940008658,hot,1,3,0.7304553796670049
8,44,3.054613753611901,hot,1,3,0.7075101679848043
9,44,2.305601663458534,hot,1,3,0.7890069976807715
10,44,1.8162809469572947,hot,1,3,0.7467112298592053
11,44,2.6410556981272917,hot,1,3,0.827022160689434
12,44,2.6490596466793894,hot,1,3,0.8329636756283577
13,44,2.61258334384716,hot,1,3,0.8471600510442803
14,44,2.5224184025793277,hot,1,3,0.7467399846003919
15,44,2.069564260263858,hot,1,3,0.7193455655155583
16,44,2.3500932062240834,hot,1,3,0.7266407130007686
0,45,0.6093142564794626,hot,1,3,1.0366310713055222
1,45,0.40908397165896665,hot,1,3,0.8199540377229042
2,45,0.2930336973223387,hot,1,3,0.7971114361048257
3,45,0.2851224527207964,hot,1,3,0.8630308962151049
4,45,0.3749524865130663,hot,1,3,0.9498806017342522
5,45,0.2139103009740976,hot,1,3,0.8233665081553905
6,45,0.30838123599015393,hot,1,3,0.894371881027443
7,45,0.4682194770676104,hot,1,3,0.7808252628532177
8,45,0.2837606758633197,hot,1,3,0.9632187003699756
9,45,0.2941174420230078,hot,1,3,0.8908335348066224
10,45,0.22050363781231033,hot,1,3,0.7137360028363763
11,45,0.310524916444873,hot,1,3,0.7523299324460679
12,45,0.3162808313068459,hot,1,3,0.8585088886646461
13,45,0.30445275180426834,hot,1,3,0.9661119306949847
14,45,0.3021642495426113,hot,1,3,0.8081150008674246
15,45,0.2030628219438791,hot,1,3,0.8097341939007373
16,45,0.3166378093970711,hot,1,3,0.6913949834586294
0,46,2.1434060906747936,hot,1,3,0.8898213895999778
1,46,0.984034472887138,hot,1,3,0.9052902820898889
2,46,0.7907718660159803,hot,1,3,0.8059523334676303
3,46,0.7628085761449171,hot,1,3,0.8957208962622706
4,46,1.6735190569250322,hot,1,3,0.898634564689235
5,46,1.0690682390409807,hot,1,3,0.84191403235
6,46,1.4833310138810838,hot,1,3,0.8811927366754758
7,46,1.4775319744467161,hot,1,3,0.8976704164344503
8,46,1.009909178437048,hot,1,3,0.8479647320529573
9,46,0.9659111141712872,hot,1,3,0.8159267824319543
10,46,0.6259785350921294,hot,1,3,0.7427693627874769
11,46,1.1137536486023738,hot,1,3,0.8566067964219294
12,46,1.2615033912611768,hot,1,3,0.8743540399935884
13,46,1.016698764262706,hot,1,3,0.9149379638226459
14,46,0.5147084957693657,hot,1,3,0.7398208677980767
15,46,1.0096409460066151,hot,1,3,0.8094001132255314
16,46,0.6908644521312142,hot,1,3,0.8458033203449138
0,47,0.9118853363500355,hot,1,3,0.9919079379864666
1,47,0.4287832205623018,hot,1,3,0.8923327296429985
2,47,0.3086626088908922,hot,1,3,0.80605198456913
3,47,0.25704153371653243,hot,1,3,0.8333081101428524
4,47,0.4518710787208419,hot,1,3,0.9139351091405411
5,47,0.2489950982845026,hot,1,3,0.8914855885519023
6,47,0.39588207045575213,hot,1,3,0.8612176216130122
7,47,0.7151502874035102,hot,1,3,0.7806039752546772
8,47,0.2326567335258898,hot,1,3,0.7531360793834289
9,47,0.3749366949106326,hot,1,3,0.8319186537726646
10,47,0.22034681964504485,hot,1,3,0.7868700963930467
11,47,0.4080273508881921,hot,1,3,0.843094681784408
12,47,0.42069592744047696,hot,1,3,0.8421900638467434
13,47,0.3995477136450102,hot,1,3,0.8675801978762318
14,47,0.2967265124019884,hot,1,3,0.8451864053315533
15,47,0.17766101461111983,hot,1,3,0.9945715195123401
16,47,0.2907131835824768,hot,1,3,0.7918649239198504
0,48,0.13582042964309626,hot,1,3,0.9396417036476525
1,48,0.07173771244087458,hot,1,3,0.8323296229732353
2,48,0.055726924127792364,hot,1,3,0.7959800510815049
3,48,0.04964879460754447,hot,1,3,0.9861279126669965
4,48,0.05942063384181997,hot,1,3,0.9634337586624238
5,48,0.0366419178542221,hot,1,3,0.7985428685215229
6,48,0.06895348375062138,hot,1,3,0.9365430685420023
7,48,0.1096394102250508,hot,1,3,0.6410216342328865
8,48,0.03956444768206324,hot,1,3,1.1433268782892458
9,48,0.06085446311709817,hot,1,3,0.7669600947878864
10,48,0.047796157719613076,hot,1,3,0.7276477443916576
11,48,0.061098503038072925,hot,1,3,0.9678649190990986
12,48,0.06301917364333444,hot,1,3,0.9363853530655959
13,48,0.061241365714321136,hot,1,3,0.9098908481784364
14,48,0.05694562858249843,hot,1,3,0.736875550626621
15,48,0.028663523490335845,hot,1,3,0.8096145654682781
16,48,0.04772773707931157,hot,1,3,0.744129963811465
0,49,18.06764886214497,hot,1,3,0.8700804366572893
1,49,16.628568396968927,hot,1,3,0.8449234852897949
2,49,7.975088379255079,hot,1,3,0.8050645717731756
3,49,10.926337473004708,hot,1,3,0.7787017345840478
4,49,14.224898025414255,hot,1,3,0.8883886712214444
5,49,14.065362482867135,hot,1,3,0.8112873947945741
6,49,9.671607714147154,hot,1,3,0.778563918305136
7,49,8.522388796449086,hot,1,3,0.8051490605292865
8,49,9.665117551128423,hot,1,3,0.7630859924061512
9,49,6.598534424192581,hot,1,3,0.821476705173392
10,49,6.5586051604421876,hot,1,3,0.7097919055776674
11,49,18.464078024325335,hot,1,3,0.8586449287242357
12,49,9.698004336960665,hot,1,3,0.866539318621054
13,49,11.160194674173077,hot,1,3,0.8415742588361715
14,49,7.982945559732158,hot,1,3,0.771887594894463
15,49,8.839795963269552,hot,1,3,0.712049884992244
16,49,10.42138315586524,hot,1,3,0.8347007276977711
0,50,2.27575845191654,hot,1,3,0.9141961314421678
1,50,2.011575755782883,hot,1,3,0.8473087090936925
2,50,0.7864826080243479,hot,1,3,0.7350491735962902
3,50,1.04479213360908,hot,1,3,0.7675445617218186
4,50,1.1599128549714377,hot,1,3,0.9063045622818937
5,50,0.8363698324131571,hot,1,3,0.8003006089135777
6,50,0.9784644633503474,hot,1,3,0.8018845702994127
7,50,2.1134534018417104,hot,1,3,0.7792807762934921
8,50,1.1907854768621433,hot,1,3,0.6773414733588837
9,50,0.9355097450430367,hot,1,3,0.7637427685854041
10,50,0.6707874690318912,hot,1,3,0.712410348133956
11,50,1.3457010868019585,hot,1,3,0.8117517163670311
12,50,0.9052396383105179,hot,1,3,0.7961273095075654
13,50,1.1922833076491017,hot,1,3,0.8133886749722915
14,50,1.4126120452062112,hot,1,3,0.711447303943083
15,50,0.6537930428164915,hot,1,3,0.7334215605021299
16,50,1.2218027037157264,hot,1,3,0.6974848146297375
0,51,0.27939493084686057,hot,1,3,0.9748436337812492
1,51,0.24636011252762857,hot,1,3,0.8159925208609051
2,51,0.12562652832662963,hot,1,3,0.7476661542619004
3,51,0.16227721514848517,hot,1,3,0.7679096122290272
4,51,0.15364828803134137,hot,1,3,0.9453029579465537
5,51,0.12228839844676062,hot,1,3,0.8525595830393269
6,51,0.14307854161333058,hot,1,3,0.8781269805039031
7,51,0.2404874331241151,hot,1,3,0.7789453934899352
8,51,0.18583968929993575,hot,1,3,0.7894815987859577
9,51,0.14668667425163492,hot,1,3,0.8850606767140542
10,51,0.11088375526748988,hot,1,3,0.7346772065808116
11,51,0.1744308451223629,hot,1,3,0.7457262510888413
12,51,0.12982674516822448,hot,1,3,0.8531774194095558
13,51,0.19591256042537816,hot,1,3,0.885337784983816
14,51,0.1866775820063927,hot,1,3,0.8999067547803523
15,51,0.1180578044394787,hot,1,3,0.7079796169631486
16,51,0.17732630388150203,hot,1,3,0.621270784874142
0,52,21.42190293926334,hot,1,9,1.1726334422317626
1,52,23.058467336812182,hot,1,9,1.0675224205987426
2,52,19.79617126929958,hot,1,9,1.097560916223589
3,52,19.682179870606003,hot,1,9,1.0902373565616197
4,52,24.088140636919235,hot,1,9,1.0928314671901431
5,52,14.966229909520761,hot,1,9,1.2049572750560684
6,52,25.073227160176998,hot,1,9,1.2450663325606859
7,52,35.08760728692437,hot,1,9,1.1755237606463715
8,52,24.381331824531852,hot,1,9,1.0385445123491903
9,52,28.52775150376614,hot,1,9,1.0752365013429186
10,52,17.29136301550418,hot,1,9,1.003160312655268
11,52,17.704981968859812,hot,1,9,0.9862205955404314
12,52,29.966106066621126,hot,1,9,1.0780779354704852
13,52,30.354462762947914,hot,1,9,1.1366934146899843
14,52,23.329726976089017,hot,1,9,1.0314329321734115
15,52,24.967649934698063,hot,1,9,1.1560572966821812
16,52,27.913184096793078,hot,1,9,1.0112789066570729
0,53,268.2309717244646,cold,1,2,0.9832939990345675
1,53,272.0944859774497,cold,1,2,0.9928280634975128
2,53,261.8543670027986,cold,1,2,1.0889394248491338
3,53,353.7956959273112,cold,1,2,1.0386653314075833
4,53,252.22845167278732,cold,1,2,1.0970096609618543
5,53,349.5021654830228,cold,1,2,1.0388134942617706
6,53,296.4761988591797,cold,1,2,1.1330970758818768
7,53,380.89955994887805,cold,1,2,1.1693132714479995
8,53,320.29382052737816,cold,1,2,1.0747077166017138
9,53,329.0244804235288,cold,1,2,1.0843405735503937
10,53,321.00614756117284,cold,1,2,1.0329235069256697
11,53,232.46433502146812,cold,1,2,0.9961814918814281
12,53,270.0271114043235,cold,1,2,1.0617205068866176
13,53,272.8466912813803,cold,1,2,1.063509962409154
14,53,266.622815553886,cold,1,2,1.101988887670517
15,53,306.6314426224705,cold,1,2,1.0757450059471556
16,53,251.5801856419773,cold,1,2,1.0436941675909943
0,54,14.17495800008628,cold,1,2,1.3097435835191278
1,54,19.465612567566062,cold,1,2,1.1459031775115145
2,54,16.78887232433124,cold,1,2,1.0762290951364701
3,54,20.24695498963749,cold,1,2,1.1340025019737943
4,54,15.072756801064491,cold,1,2,1.084233633583268
5,54,17.77680491417136,cold,1,2,1.167355182927068
6,54,19.028443873438878,cold,1,2,1.1796261782461919
7,54,39.16015414361545,cold,1,2,0.940903603550016
8,54,21.2072088804428,cold,1,2,1.0991131772026532
9,54,14.112299861978672,cold,1,2,1.0411327470914915
10,54,14.208405382157173,cold,1,2,1.0784955665985558
11,54,13.044821574550097,cold,1,2,1.1998019419007204
12,54,23.132248391556377,cold,1,2,1.1306288870650163
13,54,28.77849541535158,cold,1,2,1.0561290681958717
14,54,23.062623771641512,cold,1,2,1.03210086809868
15,54,15.71372139780146,cold,1,2,1.090215833853624
16,54,19.172139553076377,cold,1,2,1.0250832631505056
0,55,40.28252775370146,cold,1,2,1.4116453272909923
1,55,41.89191210979014,cold,1,2,1.4680099309886483
2,55,51.46219780329725,cold,1,2,1.3445896278617997
3,55,68.44716793545318,cold,1,2,1.3865862951449217
4,55,39.768583244245775,cold,1,2,1.3246538285286673
5,55,72.59869481725528,cold,1,2,1.4003325478642872
6,55,71.42115776016361,cold,1,2,1.3838685692544526
7,55,61.13376008640811,cold,1,2,1.2206136583629086
8,55,69.946761245521,cold,1,2,1.2744044944884698
9,55,54.275424525703315,cold,1,2,1.2610097194057754
10,55,69.43508195965681,cold,1,2,1.3625726865787262
11,55,43.51506181373492,cold,1,2,1.3668208297888667
12,55,49.278713072707966,cold,1,2,1.3435237894419565
13,55,51.556817844943886,cold,1,2,1.249477927467354
14,55,52.96557547339494,cold,1,2,1.3534948871863128
15,55,71.23080034387715,cold,1,2,1.2742239995098588
16,55,45.53595719163303,cold,1,2,1.4259932526130703
0,56,68.16407475076566,hot,2,4,0.9026320255560015
1,56,55.34371107649017,hot,2,4,0.8545975583552161
2,56,50.95513689110756,hot,2,4,0.8147098490697156
3,56,45.159848936227654,hot,2,4,0.8285501717938045
4,56,89.87130475781373,hot,2,4,0.922146329748602
5,56,48.33034807085244,hot,2,4,0.8239796655401443
6,56,49.145004220025164,hot,2,4,0.7132148352915164
7,56,0.048977103298259,hot,2,4,1.0
8,56,39.28945020220565,hot,2,4,0.7081707856680617
9,56,53.04237963307939,hot,2,4,0.8229902481554515
10,56,27.462045259436522,hot,2,4,0.7381136959309461
11,56,83.19666204535675,hot,2,4,0.9197343631264452
12,56,73.28628438823995,hot,2,4,0.8600931250624768
13,56,26.32989923662549,hot,2,4,0.7736683793330712
14,56,42.40752005071485,hot,2,4,0.717647571133278
15,56,38.924534416838796,hot,2,4,0.6694475608710798
16,56,46.501810972184735,hot,2,4,0.8550272141473024
0,57,51.23629613602631,hot,0,13,1.3702673835282673
1,57,73.95562850926838,hot,0,13,1.2610716209090367
2,57,66.3241820591295,hot,0,13,1.24413688709555
3,57,78.76244103942803,hot,0,13,1.1781633707495993
4,57,52.09534410895319,hot,0,13,1.1437553030920313
5,57,79.76094639370437,hot,0,13,1.1824023358749145
6,57,64.03367682975421,hot,0,13,1.2321064020227233
7,57,110.1183033365619,hot,0,13,1.129829853593712
8,57,74.59872434244106,hot,0,13,1.153870859654006
9,57,75.9611099375469,hot,0,13,1.2541124546616718
10,57,78.19994115193515,hot,0,13,1.1709789310521015
11,57,51.96978067117727,hot,0,13,1.1196987527550193
12,57,65.01616800390849,hot,0,13,1.1933944053777186
13,57,80.51923330666708,hot,0,13,1.195582107629594
14,57,85.78175506950659,hot,0,13,1.112011488933004
15,57,57.456872438303954,hot,0,13,1.1433569175011857
16,57,75.85942470178166,hot,0,13,1.1336012332821908
0,58,68.73588318626788,hot,2,20,0.9455055773707766
1,58,92.8997000330887,hot,2,20,0.9710844893578421
2,58,75.63403722985119,hot,2,20,0.9114336447835529
3,58,103.49171760654517,hot,2,20,0.9377912048647595
4,58,82.28109157499878,hot,2,20,0.9575424627496328
5,58,108.7524078951173,hot,2,20,0.934263415376014
6,58,73.6546810228879,hot,2,20,0.9660841807281736
7,58,139.39694107321617,hot,2,20,0.9745415130155789
8,58,86.201509613943,hot,2,20,0.9923934356500788
9,58,108.4682852365928,hot,2,20,0.9206439499775072
10,58,98.5800944338523,hot,2,20,0.8974593120634402
11,58,72.85647611268698,hot,2,20,0.9243932669785541
12,58,81.24467441558384,hot,2,20,0.8899231767606655
13,58,116.11099870726478,hot,2,20,0.9900527286674766
14,58,66.73710346044065,hot,2,20,0.9654598219932178
15,58,90.89168394346527,hot,2,20,0.921927000763161
16,58,94.95433919964336,hot,2,20,0.9666637197941854
0,59,18.023426420104617,hot,2,14,1.0
1,59,14.10324674902313,hot,2,14,1.0
2,59,16.961970426271975,hot,2,14,1.0
3,59,16.549244750121805,hot,2,14,1.0
4,59,12.206832953602332,hot,2,14,1.0
5,59,16.443050581808222,hot,2,14,1.0
6,59,28.979019068950034,hot,2,14,1.0
7,59,17.306921411924325,hot,2,14,1.0
8,59,33.20262306621548,hot,2,14,1.0
9,59,17.912171812582134,hot,2,14,1.0
10,59,17.86761258688741,hot,2,14,1.0
11,59,9.29972214163636,hot,2,14,1.0
12,59,19.35438939353423,hot,2,14,1.0
13,59,25.526643013531746,hot,2,14,1.0
14,59,19.7068713309371,hot,2,14,1.0
15,59,30.598583181150115,hot,2,14,1.0
16,59,16.98812392324122,hot,2,14,1.0
0,60,92.25359727893937,cold,0,7,1.0
1,60,98.95074751959525,cold,0,7,1.6490283042909921
2,60,123.35144264125748,cold,0,7,1.4601502562391093
3,60,167.43387572950164,cold,0,7,1.926153262872621
4,60,110.35713594871798,cold,0,7,1.3096466047940012
5,60,126.23951048497581,cold,0,7,1.6262760012895605
6,60,92.12183668556519,cold,0,7,1.7045835669182352
7,60,74.67259724965658,cold,0,7,1.3019286912893873
8,60,169.20444181745992,cold,0,7,1.6423429251132486
9,60,156.29298634638855,cold,0,7,1.4975466874108194
10,60,183.19529372364553,cold,0,7,1.593635699661114
11,60,120.70845942375509,cold,0,7,1.5154626480100675
12,60,130.32021921611786,cold,0,7,1.4135133983962385
13,60,86.94723005811306,cold,0,7,1.4204188063738559
14,60,118.4052427700253,cold,0,7,1.513223882522822
15,60,146.1562510242739,cold,0,7,1.642746043726128
16,60,104.92581872325275,cold,0,7,1.3007504552237594
0,61,12.775280160024096,cold,0,7,1.5651794991936
1,61,11.213458485818865,cold,0,7,1.388545676708825
2,61,16.946670062175198,cold,0,7,1.275022453341554
3,61,20.81639207605523,cold,0,7,1.3261718227860255
4,61,13.762978357966377,cold,0,7,1.200971517459802
5,61,14.406795681734112,cold,0,7,1.3281778564562352
6,61,19.47267513887833,cold,0,7,1.343423756263438
7,61,22.916937593489376,cold,0,7,1.160158686436772
8,61,20.491348847471567,cold,0,7,1.3568327808992775
9,61,16.32050754764958,cold,0,7,1.354304032638606
10,61,17.635297427459545,cold,0,7,1.1784384224513842
11,61,13.309046557405212,cold,0,7,1.2865865552131317
12,61,18.112194716951382,cold,0,7,1.4368062644817845
13,61,16.63058516928029,cold,0,7,1.2065945899327746
14,61,15.421184726500323,cold,0,7,1.2258837564779494
15,61,17.207442690378276,cold,0,7,1.2474436146824959
16,61,16.437267030254503,cold,0,7,1.2333538568108422
0,62,29.13883340469203,hot,3,17,0.8645444487004027
1,62,25.74357196258987,hot,3,17,0.9311298425014775
2,62,24.842897685085397,hot,3,17,0.8628354484760044
3,62,36.38882458758076,hot,3,17,0.9136960698887107
4,62,18.434601374358785,hot,3,17,0.8415050088536227
5,62,31.132728315980252,hot,3,17,0.9145666740399638
6,62,25.660633771617817,hot,3,17,0.8888670670982353
7,62,0.09328966705777288,hot,3,17,0.8215260118727172
8,62,33.84718572923035,hot,3,17,0.8909820920791192
9,62,30.741825991552414,hot,3,17,0.8664907063076417
10,62,21.342471977904694,hot,3,17,0.7871308210676307
11,62,14.008990008276914,hot,3,17,0.8257680181383096
12,62,25.258440194144907,hot,3,17,0.8095960554294265
13,62,30.391335667943594,hot,3,17,0.9710848665468735
14,62,23.983633843239826,hot,3,17,0.898328498451346
15,62,23.498645211851116,hot,3,17,0.8780985028865202
16,62,23.246516377677423,hot,3,17,0.8653147145925719
0,63,14.394181345612482,hot,2,11,1.016858732083448
1,63,15.781498459382785,hot,2,11,0.926350949461379
2,63,7.989857632167818,hot,2,11,1.017936494237168
3,63,10.731589892168062,hot,2,11,0.9113170993989687
4,63,12.777492166580506,hot,2,11,1.0380016117413702
5,63,11.155813941133703,hot,2,11,0.9099610286832946
6,63,6.943678545188157,hot,2,11,0.81373099734608
8,63,5.348085493084519,hot,2,11,1.0403567832720395
9,63,9.820785009094426,hot,2,11,0.9793497734498822
10,63,5.804670337773718,hot,2,11,0.8425417754859784
11,63,12.804364542371465,hot,2,11,0.9938486430160985
12,63,12.304817168895926,hot,2,11,1.0245331071375696
13,63,10.773376316579515,hot,2,11,0.8615451027743238
14,63,9.973053107142906,hot,2,11,0.904889546903976
15,63,5.6770862472764385,hot,2,11,0.7599963715345263
16,63,12.476522778195054,hot,2,11,0.9737520393790139
0,64,15.482535873433335,hot,2,11,0.9593271044643344
1,64,16.83371001719224,hot,2,11,0.9390656154617891
2,64,10.973425133488476,hot,2,11,0.994125484411532
3,64,13.161461510208435,hot,2,11,0.9038260646651025
4,64,11.365224904028294,hot,2,11,1.2433303502051047
5,64,18.77908581320288,hot,2,11,0.9090937273389998
6,64,10.33311991062765,hot,2,11,0.8053623978945108
8,64,7.198475966820525,hot,2,11,0.9067097488165752
9,64,7.5583071972342735,hot,2,11,0.9829402883430659
10,64,6.014536359527078,hot,2,11,0.9309475457673501
11,64,19.84583933134357,hot,2,11,1.0058341926490284
12,64,12.11137655701113,hot,2,11,1.0067875980644925
13,64,9.841291377896097,hot,2,11,0.9618618803558004
14,64,12.128059734489844,hot,2,11,0.9782343014386521
15,64,7.083841013094236,hot,2,11,0.7904686777175826
16,64,14.901124408581412,hot,2,11,1.0351914075219912
0,65,20.06841581764526,hot,2,11,0.9029988058102157
1,65,22.902778116624646,hot,2,11,0.8436832383556487
2,65,8.8034652180521,hot,2,11,0.8985943185284524
3,65,11.687106253071788,hot,2,11,0.8554723406326377
4,65,18.65318116280345,hot,2,11,0.9834600648779371
5,65,12.438566418480175,hot,2,11,0.8632483056994645
6,65,7.501924104608828,hot,2,11,0.7524124014945699
8,65,4.183848936061524,hot,2,11,0.8379879195506464
9,65,8.736406883983735,hot,2,11,0.9000653068738551
10,65,4.329385494869528,hot,2,11,0.7648979347651033
11,65,18.316439038196993,hot,2,11,0.934078807437356
12,65,11.685292852999694,hot,2,11,0.9353394645436777
13,65,7.377770163005112,hot,2,11,0.8388643907891546
14,65,10.721928233973097,hot,2,11,0.8524695376128754
15,65,5.025304136531917,hot,2,11,0.7125279238131251
16,65,12.894372429684239,hot,2,11,0.9080935403721855
0,66,10.440652368875092,hot,2,11,0.775305419143981
1,66,12.97230854724834,hot,2,11,0.7557212736007883
2,66,6.276013922463014,hot,2,11,0.8698015517768404
3,66,9.47503250266028,hot,2,11,0.8252582086209975
4,66,9.231997238129262,hot,2,11,0.9213286625986701
5,66,17.27765047937184,hot,2,11,0.7622456725285918
6,66,7.0127039299154825,hot,2,11,0.6285843125261481
8,66,4.931144557949772,hot,2,11,0.6846929801445579
9,66,4.403793770515062,hot,2,11,0.8381337687895543
10,66,3.6508426128434035,hot,2,11,0.7521381531197517
11,66,13.104781383453492,hot,2,11,0.8476513446455134
12,66,6.746597785219331,hot,2,11,0.8795902268690844
13,66,7.190900208945522,hot,2,11,0.8220875262379789
14,66,7.2383003609937875,hot,2,11,0.8213553264141837
15,66,4.066492133164269,hot,2,11,0.6586513441621183
16,66,7.005323313112348,hot,2,11,0.8757552717902762
0,67,0.14869233799204223,cold,0,7,2.215630337052404
1,67,0.891680483345051,cold,0,7,2.0039100692182803
2,67,1.3055819178494992,cold,0,7,1.7792601201848184
3,67,0.6932210085512905,cold,0,7,1.9159336599153904
4,67,0.9914403812758114,cold,0,7,1.735495459786326
5,67,1.4639983969437613,cold,0,7,1.6671608602922825
6,67,1.5693549040995074,cold,0,7,1.9071002178414875
8,67,3.728127864043401,cold,0,7,1.8981349969600263
9,67,1.165227869916491,cold,0,7,2.0238810993738103
10,67,4.202573702397955,cold,0,7,1.4954398693596733
11,67,0.7352699387982533,cold,0,7,2.0145772685491523
12,67,1.2532246952227788,cold,0,7,2.246807829645966
13,67,3.1263535367881348,cold,0,7,1.6522050927942384
14,67,1.71763240420937,cold,0,7,1.702498845809773
15,67,4.659760948683721,cold,0,7,1.7559916026874556
16,67,1.2604511660635378,cold,0,7,1.7623965005195834
0,68,206.400945665577,hot,0,6,1.1864433487657313
1,68,246.7004037594122,hot,0,6,1.1528073955057119
2,68,288.15216031263714,hot,0,6,1.1013736768041986
3,68,284.3096296134143,hot,0,6,1.1108983160744168
4,68,277.99628030674023,hot,0,6,1.0703608258358437
5,68,191.6057051036643,hot,0,6,1.1064230986363226
6,68,246.14065072714612,hot,0,6,1.1161446715354748
7,68,415.9794033566559,hot,0,6,1.0739203542309446
8,68,210.42241459805595,hot,0,6,1.0389826778543692
9,68,336.3704284260858,hot,0,6,1.143771572042768
10,68,267.4416125278497,hot,0,6,1.1037586627921945
11,68,252.1178800018981,hot,0,6,1.0924087606799053
12,68,286.8409548362248,hot,0,6,1.0988101034099549
13,68,277.186551548555,hot,0,6,1.0927226098189773
14,68,242.74977235779315,hot,0,6,1.0435567736150395
15,68,218.5764659065493,hot,0,6,1.0691188212626739
16,68,289.2104214455547,hot,0,6,1.0494139477456412
0,69,143.93979378850943,hot,3,16,0.7003006014474653
1,69,178.25810968362794,hot,3,16,0.7306547823833683
2,69,151.822207280743,hot,3,16,0.9202019355496567
3,69,161.7532421175363,hot,3,16,0.7423352169507363
4,69,152.58298007904108,hot,3,16,0.9275565134663
5,69,178.49696798170373,hot,3,16,0.7809197583163985
6,69,156.77283694470677,hot,3,16,0.9580798622307762
7,69,160.62002717192874,hot,3,16,1.189951567117681
8,69,168.4291075110639,hot,3,16,0.9401720180150459
9,69,169.57473494077158,hot,3,16,0.8717404893233778
10,69,192.93035949751427,hot,3,16,0.9179245661952303
11,69,147.7068225864427,hot,3,16,0.7338404173579284
12,69,151.2621121601175,hot,3,16,0.914806483937947
13,69,165.12051823642594,hot,3,16,0.9450133253337667
14,69,142.83850091212423,hot,3,16,1.0860409774294613
15,69,165.29859306005216,hot,3,16,0.9797782641692676
16,69,147.08131189985386,hot,3,16,0.9258970398788228
0,70,40.12235896966956,hot,3,16,1.5706831252103894
1,70,61.10446825682271,hot,3,16,1.5708623410894882
2,70,53.18675845679417,hot,3,16,1.4143412986031307
3,70,55.62581853319683,hot,3,16,1.593407675736156
4,70,63.56352267166424,hot,3,16,1.3152551616263832
5,70,60.67229468451598,hot,3,16,1.617138232037757
6,70,53.64384564738786,hot,3,16,1.5199024257411358
7,70,91.2545829839591,hot,3,16,1.2458693613731773
8,70,76.04041571240508,hot,3,16,1.3828749187223257
9,70,59.98311041790939,hot,3,16,1.4065493794464323
10,70,64.07729894521526,hot,3,16,1.5017283057987103
11,70,56.77996415767938,hot,3,16,1.4329405492898142
12,70,52.00892379665781,hot,3,16,1.4612535574461554
13,70,75.58200502545722,hot,3,16,1.367255639039871
14,70,54.671923261969944,hot,3,16,1.4276267686434387
15,70,56.564668909280854,hot,3,16,1.4175927744707617
16,70,54.136685733483255,hot,3,16,1.4593451164999778
0,71,56.39660185660975,hot,3,16,1.6037915534729659
1,71,63.09769624747739,hot,3,16,1.533472752799899
2,71,84.87489281146837,hot,3,16,1.6721026368867222
3,71,70.9714745895802,hot,3,16,1.493537333312423
4,71,61.06997585748915,hot,3,16,1.3915581114209803
5,71,75.93420898314672,hot,3,16,1.548577316829249
6,71,91.58917020432438,hot,3,16,1.5470423574657501
7,71,99.30819726991813,hot,3,16,1.3800992692321379
8,71,92.79474172119319,hot,3,16,1.3172047753282292
9,71,73.56646734744469,hot,3,16,1.406657868066278
10,71,90.44747096760753,hot,3,16,1.4827344046678042
11,71,68.81628973778152,hot,3,16,1.5348922616901883
12,71,78.35803557525769,hot,3,16,1.4353958616499403
13,71,80.6296492360635,hot,3,16,1.5227563004233278
14,71,76.87733563006182,hot,3,16,1.54716287615739
15,71,89.60260456448425,hot,3,16,1.4252404014954678
16,71,68.50249806543233,hot,3,16,1.5312673712755847
0,72,46.93169765315876,hot,4,21,1.0
1,72,34.841532108952144,hot,4,21,1.4272238423749732
2,72,48.68831284181328,hot,4,21,1.0
3,72,52.13773254088907,hot,4,21,1.309752339318307
4,72,39.485851096165376,hot,4,21,1.049392602476389
5,72,49.254402399098495,hot,4,21,1.0
6,72,47.564567196553966,hot,4,21,1.0
7,72,83.0084223055155,hot,4,21,1.0
8,72,56.59932837152193,hot,4,21,1.0
9,72,53.901534624174914,hot,4,21,0.6312471646931832
10,72,50.068182348556334,hot,4,21,1.0
11,72,33.14167219342499,hot,4,21,1.079955442423345
12,72,56.88365055619166,hot,4,21,1.0
13,72,57.52531454073316,hot,4,21,1.0
14,72,35.9744353904944,hot,4,21,1.0331873776252065
15,72,43.93700891482552,hot,4,21,1.0
16,72,30.901916551115,hot,4,21,1.1050104545855663
0,73,20.45622253577741,hot,2,4,0.7411470309495147
1,73,15.32379210774355,hot,2,4,0.7646972330944214
2,73,13.131768562609203,hot,2,4,0.7651747531531368
3,73,12.2614312809253,hot,2,4,0.7784434919172528
4,73,12.524302814610953,hot,2,4,0.8479717565903386
5,73,17.311782684205532,hot,2,4,0.7249435445524979
6,73,12.757060332473197,hot,2,4,0.623472335235652
8,73,7.656206211016164,hot,2,4,0.6978105060120803
9,73,11.81323545073065,hot,2,4,0.7419989787467973
10,73,9.33605942015554,hot,2,4,0.7339485755033236
11,73,16.338705676401162,hot,2,4,0.8031110255820298
12,73,15.764429336644628,hot,2,4,0.7911275838269461
13,73,10.488939509410052,hot,2,4,0.7938490797081987
14,73,8.658057663161292,hot,2,4,0.7724282991890319
15,73,13.135938206158748,hot,2,4,0.628223709211679
16,73,8.246128571636598,hot,2,4,0.8156357591192596
0,74,29.01356429933355,cold,1,3,1.2698197699411677
1,74,33.90217440941921,cold,1,3,1.1696118009338698
2,74,25.86175551787619,cold,1,3,1.0704871646166783
3,74,20.190178460425777,cold,1,3,1.0422718878048234
4,74,40.255491426185635,cold,1,3,1.0593452562698495
5,74,16.07714969267238,cold,1,3,1.038515076203977
6,74,27.506066249785018,cold,1,3,1.0511439433001895
7,74,66.29096684124806,cold,1,3,0.9567480065460725
8,74,33.54600381009144,cold,1,3,1.0332881808908103
9,74,25.122269309217206,cold,1,3,1.07309230144889
10,74,24.776891880372567,cold,1,3,0.9713202952227976
11,74,37.38645919720408,cold,1,3,1.1158627568056845
12,74,26.90581776982219,cold,1,3,1.1352038265423656
13,74,44.050516229881474,cold,1,3,1.0419220375800904
14,74,31.655561628161745,cold,1,3,0.9991650366937901
15,74,24.465595961094728,cold,1,3,0.9853379046933928
16,74,33.979318322803486,cold,1,3,1.0426985604194388
0,75,43.71455286752822,hot,3,10,1.4395168071378248
1,75,33.27786539027218,hot,3,10,1.3873487363458443
2,75,37.7650356359873,hot,3,10,1.3220761093113826
3,75,34.94541234534732,hot,3,10,1.4487226921626843
4,75,49.38006844039758,hot,3,10,1.315181094126659
5,75,27.793907119338378,hot,3,10,1.5299685136634174
6,75,26.795658385875292,hot,3,10,1.5085585201731997
7,75,57.633467799584395,hot,3,10,1.3181859784010546
8,75,30.39718075784894,hot,3,10,1.3801346799784664
9,75,34.490039881569984,hot,3,10,1.264093198914057
10,75,35.16090915024014,hot,3,10,1.3978231999798696
11,75,40.38721686083421,hot,3,10,1.313585732077535
12,75,37.20666119603658,hot,3,10,1.3782608371721898
13,75,41.45687002309398,hot,3,10,1.3560247609766907
14,75,33.165193267769254,hot,3,10,1.386442537696396
15,75,27.264199191640476,hot,3,10,1.4118636028677054
16,75,39.08078462504379,hot,3,10,1.293561450749641
0,76,34.961767656070876,hot,3,10,1.0
1,76,27.492586660907268,hot,3,10,1.0
2,76,17.56997907801598,hot,3,10,1.0
3,76,19.170385030828612,hot,3,10,1.0
4,76,38.77704829383683,hot,3,10,1.0
5,76,23.064952946199107,hot,3,10,1.0
6,76,10.941320814311315,hot,3,10,1.0
8,76,8.493849649617575,hot,3,10,1.0
9,76,18.425986545410318,hot,3,10,1.0
10,76,10.927120717867442,hot,3,10,1.0
11,76,37.266026007221186,hot,3,10,1.0
12,76,26.871611530629117,hot,3,10,1.0
13,76,14.047209822705511,hot,3,10,1.0
14,76,18.542459244079115,hot,3,10,1.0
15,76,7.800182771313348,hot,3,10,1.0
16,76,20.409345684704203,hot,3,10,1.0
0,77,1.4799352917344453,hot,1,3,1.0219528502601871
1,77,1.3148358990489055,hot,1,3,0.9995180592665127
2,77,1.454114291157335,hot,1,3,0.8479500561252835
3,77,1.410585301043739,hot,1,3,0.8850952759715802
4,77,2.7264584700175827,hot,1,3,0.9229439106135636
5,77,1.8420944208442147,hot,1,3,0.9190603932104753
6,77,1.7479881366467387,hot,1,3,0.9796498289321828
7,77,2.8232567170796705,hot,1,3,0.957496596173331
8,77,1.6401548158278705,hot,1,3,1.0377239786378767
9,77,2.384839519832847,hot,1,3,0.8358814061677872
10,77,1.357647415694453,hot,1,3,0.7433603943552775
11,77,1.7975503031246218,hot,1,3,0.9135391843659673
12,77,2.230334868757529,hot,1,3,1.1710911838289273
13,77,2.8582807441578164,hot,1,3,0.9352008748066117
14,77,1.0918907207703918,hot,1,3,0.8549852045706142
15,77,1.8958977794319114,hot,1,3,0.8628601172231437
16,77,1.3656345919703554,hot,1,3,0.7958395243427338
0,78,0.753149958954469,hot,1,3,1.0014782957704476
1,78,0.7670383683976074,hot,1,3,0.8848139585111864
2,78,0.7215964569655333,hot,1,3,0.7827262410990684
3,78,0.554447377658982,hot,1,3,0.8531698359308568
4,78,1.3035841910802701,hot,1,3,0.8198667157994756
5,78,0.5884608130480726,hot,1,3,0.8701813520802155
6,78,0.6187866195155178,hot,1,3,0.8298960841849431
7,78,1.1418086734778472,hot,1,3,0.6664288547648575
8,78,0.6293263478880898,hot,1,3,0.8276701701295198
9,78,1.0679664203488266,hot,1,3,0.7177597456158951
10,78,0.6921791903514092,hot,1,3,0.664645378127642
11,78,0.7920092347430756,hot,1,3,0.7933481127198323
12,78,0.9458756692963272,hot,1,3,0.8903943527456025
13,78,1.1557816006451693,hot,1,3,0.8059732010712947
14,78,0.6467015173701678,hot,1,3,0.7114070221361614
15,78,0.5801622826119714,hot,1,3,0.6979453431743174
16,78,0.6467015845672267,hot,1,3,0.7289545614071793
0,79,0.059844110174296604,hot,1,3,1.2285086441521451
1,79,0.07486254595012665,hot,1,3,0.956420284718862
2,79,0.07403491221255111,hot,1,3,0.8537835848544526
3,79,0.07223611528358571,hot,1,3,1.1734271520989097
4,79,0.09452357758159476,hot,1,3,0.9862145952803628
5,79,0.04894196100919324,hot,1,3,0.8890770227524447
6,79,0.04646112682343897,hot,1,3,1.25524330038818
7,79,0.11952440839874238,hot,1,3,0.3796338095352792
8,79,0.06134777573148565,hot,1,3,0.9562981338870797
9,79,0.11356261784687369,hot,1,3,0.9464201691712447
10,79,0.04045759497752309,hot,1,3,0.795578374271048
11,79,0.06619771390930959,hot,1,3,0.8431077708468843
12,79,0.09339401781969232,hot,1,3,0.9723390263273864
13,79,0.11115546169319714,hot,1,3,1.119316383372334
14,79,0.06832649009673981,hot,1,3,0.9669416524047116
15,79,0.03965758970429121,hot,1,3,1.0228247588594748
16,79,0.06965911651758731,hot,1,3,0.8716102122184695
0,80,330.2998454927879,hot,4,22,1.1261305597030742
1,80,227.12586037593928,hot,4,22,1.0618567200277786
2,80,290.0861896591244,hot,4,22,1.0240440811454674
3,80,329.86924047412583,hot,4,22,1.025668800074768
4,80,228.73192168986387,hot,4,22,1.0157694736969742
5,80,325.73062322542967,hot,4,22,1.1198090656646742
6,80,359.7273163950348,hot,4,22,1.1002437833794192
7,80,353.0342624032242,hot,4,22,1.0043935593943567
8,80,350.95043483099545,hot,4,22,1.065410123576416
9,80,378.61420492925856,hot,4,22,1.0017632116205584
10,80,399.8206351644208,hot,4,22,1.0778126233835095
11,80,204.54970029783806,hot,4,22,1.02333301470393
12,80,311.6740206436248,hot,4,22,1.0263409310484777
13,80,238.62816908336293,hot,4,22,1.0308727990509192
14,80,235.77077808299123,hot,4,22,0.96920391546681
15,80,320.4684531697952,hot,4,22,1.079346697766963
16,80,193.50818547906147,hot,4,22,0.9720209386817112
0,81,195.33942046070345,hot,2,0,1.0018804620148294
1,81,221.3161300651353,hot,2,0,0.9677137823023275
2,81,176.6222704847105,hot,2,0,0.9813334627213054
3,81,181.11617179844365,hot,2,0,0.9872899579397948
4,81,258.59531673999453,hot,2,0,1.0191776991728423
5,81,152.2708403630267,hot,2,0,1.005192991025776
6,81,199.1289937051376,hot,2,0,1.0510866098242448
7,81,264.37596204380094,hot,2,0,1.0262638041091643
8,81,219.66033886217565,hot,2,0,1.0472670293431896
9,81,182.13630518070335,hot,2,0,1.0236420578789556
10,81,193.74293419964616,hot,2,0,1.029744544527529
11,81,201.80416825789845,hot,2,0,0.9599709371889555
12,81,157.6500336928503,hot,2,0,0.9444568433973781
13,81,269.59328006293805,hot,2,0,1.016670603158573
14,81,215.89214709889228,hot,2,0,0.9257389060273034
15,81,175.71144567458185,hot,2,0,1.0217952524369784
16,81,208.58906094889707,hot,2,0,0.9150683187434333
0,82,9.876826291653307,cold,3,18,0.4971045046539582
1,82,4.650440181611974,cold,3,18,0.5113920141331642
2,82,1.3793239841279636,cold,3,18,0.7062496218630732
3,82,0.06939487965002508,cold,3,18,0.8356972639137985
4,82,0.06341127330429566,cold,3,18,1.0
5,82,5.624096961987413,cold,3,18,0.4204438870979587
6,82,0.08734960638729057,cold,3,18,1.0
7,82,3.5244434424689364,cold,3,18,0.7567293241503853
8,82,0.06022406838587166,cold,3,18,0.5883510966971188
9,82,3.945392093267995,cold,3,18,0.7250910362331937
10,82,1.8505453713593365,cold,3,18,0.4180039724582282
11,82,0.04148155397744067,cold,3,18,1.0
12,82,1.8947494973338865,cold,3,18,0.7111739522076018
13,82,0.03013200502844148,cold,3,18,1.0
14,82,0.04386329767976274,cold,3,18,1.0
15,82,0.042744740986697394,cold,3,18,1.0
16,82,0.06847755083008146,cold,3,18,1.0
0,83,103.69449626302678,hot,3,10,1.2226808165051841
1,83,67.88773510331431,hot,3,10,1.1442517048385354
2,83,61.20927237701939,hot,3,10,1.1337242033218717
3,83,61.73171479331699,hot,3,10,1.2709603731691106
4,83,44.56505879099947,hot,3,10,1.1256770243057432
5,83,49.15672096052057,hot,3,10,1.310457316160576
6,83,62.230924894145446,hot,3,10,1.2446406281876818
7,83,86.65238715886596,hot,3,10,1.2050294862148865
8,83,56.7621477765598,hot,3,10,1.2622993561617248
9,83,68.06101868892556,hot,3,10,1.154645535395076
10,83,56.8778020399364,hot,3,10,1.1636754302885493
11,83,43.52608296177493,hot,3,10,1.1744517878418403
12,83,61.69740924312237,hot,3,10,1.1564299380575187
13,83,66.8890848378551,hot,3,10,1.14973793581809
14,83,48.24033772919828,hot,3,10,1.1822834890011509
15,83,47.572111531969924,hot,3,10,1.2344877954513962
16,83,54.3340755255895,hot,3,10,1.1320995826371953
0,84,20.15611086489155,hot,2,11,1.0
1,84,29.713181270545213,hot,2,11,1.0
2,84,18.19398655680318,hot,2,11,1.0
3,84,28.635912586886906,hot,2,11,1.0
4,84,31.62107142094736,hot,2,11,1.0
5,84,30.763165214196025,hot,2,11,1.0
6,84,12.170435824943672,hot,2,11,1.0
8,84,10.538169880686585,hot,2,11,1.0
9,84,13.988631880758204,hot,2,11,1.0
10,84,12.921422128108658,hot,2,11,1.0
11,84,36.72557937939225,hot,2,11,1.0
12,84,18.5715406412273,hot,2,11,1.0
13,84,17.373819565486254,hot,2,11,1.0
14,84,21.42899912198179,hot,2,11,1.0
15,84,11.195764127114648,hot,2,11,1.0
16,84,23.506539528473436,hot,2,11,1.0
0,85,96.85346082180153,hot,4,21,1.5265191835765384
1,85,112.63614590255177,hot,4,21,1.490109643863561
2,85,115.6642275731046,hot,4,21,1.3932400770218234
3,85,82.79591636173797,hot,4,21,1.4671190790737254
4,85,99.1709930337396,hot,4,21,1.273418589606907
5,85,70.80016495975039,hot,4,21,1.5129438855939876
6,85,69.97348815256021,hot,4,21,1.4521308110522522
7,85,105.50720592243432,hot,4,21,1.2686448615565307
8,85,72.0710380341526,hot,4,21,1.3205698462717126
9,85,112.67071036908744,hot,4,21,1.5094049348818575
10,85,85.18079145505524,hot,4,21,1.575943871763834
11,85,111.8773730706735,hot,4,21,1.388482875984471
12,85,126.71377402674412,hot,4,21,1.4186805394002808
13,85,97.84486408679798,hot,4,21,1.4192187614309226
14,85,102.58653938091095,hot,4,21,1.424202731350318
15,85,67.25009936234446,hot,4,21,1.4578719033839596
16,85,100.56162555604797,hot,4,21,1.4270542551825625
